<?xml version="1.0" encoding="UTF-8"?>
<visualizationDefinition version="3.1" xmlns="http://www.ibm.com/xmlns/prod/ba/vipr/vizBundle/vizdef.3">
    <slots>
        <slot name="categories" caption="$nls.slot_explainBy.caption" description="$nls.slot_explainBy.description" type="cat" optional="false" maxLevels="50" suppressMissing="true" role="explanatory" />
        <slot name="value" caption="$nls.slot_value.caption" description="$nls.slot_value.description" type="cont" role="response" />
        <!-- <slot name="tooltip" caption="Tooltip" type="any" optional="true"  /> -->
    </slots>

    <dataSets>
        <dataSet name="data">
            <ref slot="categories" />
            <ref slot="value" />
            <!-- <ref slot="tooltip" /> -->
        </dataSet>
    </dataSets>

    <properties>
        <group name="visualization" caption="$nls.group_visualization.caption">
            <number name="transitionDuration" caption="$nls.prop_transitionDuration.caption" minValue="0" defaultValue="100" />
            <number name="pathCurve" caption="$nls.prop_pathCurve.caption" minValue="0" defaultValue="25" />
            <number name="barWidth" caption="$nls.prop_barWidth.caption" minValue="0" defaultValue="100" />
            <number name="barHeight" caption="$nls.prop_barHeight.caption" minValue="0" defaultValue="20" />
            <number name="siblingFactor" caption="$nls.prop_siblingFactor.caption" minValue="0" defaultValue="3.5" />
            <enum name="labelOption" caption="$nls.prop_labelOption.caption" defaultValue="ValueAndPercentage">
                <possibleValue caption="$nls.enum_labelOption.valueAndPercentage.caption">ValueAndPercentage</possibleValue>
                <possibleValue caption="$nls.enum_labelOption.value.caption">Value</possibleValue>
                <possibleValue caption="$nls.enum_labelOption.percentage.caption">Percentage</possibleValue>
            </enum>
            <color name="pathColor" caption="$nls.prop_pathColor.caption" defaultValue="#555555" /> <!-- TODO: tag -->
            <color name="selectedPathColor" caption="$nls.prop_selectedPathColor.caption" defaultValue="#319bd4"/> <!-- TODO: tag -->
            <enum name="nodesAlignment" caption="$nls.prop_nodesAlignment.caption" defaultValue="Auto">
                <possibleValue caption="$nls.enum_nodesAlignment.center.caption">Center</possibleValue>
                <possibleValue caption="$nls.enum_nodesAlignment.top.caption">Top</possibleValue>
                <possibleValue caption="$nls.enum_nodesAlignment.current.caption">Current</possibleValue>
                <possibleValue caption="$nls.enum_nodesAlignment.auto.caption">Auto</possibleValue>
            </enum>
        </group>
        <group name="text" caption="$nls.group_text.caption">
         <color name="labelColor" caption="$nls.prop_labelColor.caption" defaultValue="black" tags="$text-02" />
            <font name="labelFont" caption="$nls.prop_labelFont.caption" defaultValue="bold 15px 'IBM Plex Sans'" />
            <font name="valueLabelFont" caption="$nls.prop_valueLabelFont.caption" defaultValue="15px 'IBM Plex Sans'" />
            <color name="categoryLabelColor" caption="$nls.prop_categoryLabelColor.caption" defaultValue="black" tags="$text-02" />
            <font name="categoryLabelFont" caption="$nls.prop_categoryLabelFont.caption" defaultValue="bold 15px 'IBM Plex Sans'" />
            <color name="categorySubLabelColor" caption="$nls.prop_categorySubLabelColor.caption" defaultValue="black" tags="$text-02" />
            <font name="categorySubLabelFont" caption="$nls.prop_categorySubLabelFont.caption" defaultValue="15px 'IBM Plex Sans'" />
        </group>
        <group name="palettes" caption="$nls.group_palettes.caption">
            <color name="colorActual" caption="$nls.palette_actual.caption" defaultValue="#319bd4" tags="palette" />
            <color name="colorTarget" caption="$nls.palette_target.caption" defaultValue="#dddddd" tags="palette" />
        </group>
    </properties>
</visualizationDefinition>
