<?xml version="1.0" encoding="UTF-8"?>
<visualizationDefinition version="3.1" xmlns="http://www.ibm.com/xmlns/prod/ba/vipr/vizBundle/vizdef.3">
    <slots>
        <slot name="categories" caption="Categories" type="cat" optional="false" />
        <slot name="series" caption="Series" type="cat" optional="true" channel="color" />
        <slot name="values" caption="Values" type="cont" optional="false" />
    </slots>
​
    <dataSets>
        <dataSet name="data" sortsByDatapoint="true">
            <ref slot="categories" />
            <ref slot="series" />
            <ref slot="values" />
        </dataSet>
    </dataSets>
​
    <properties>
        <group name="visualization" caption="Visualization">
            <group name="general" caption="General">
                <color name="background.color" caption="Background color" defaultValue="white" tags="$back-02" />
            </group>
            <group name="palettes" caption="Palettes">
                <palette name="colors" caption="Colors" type="cat" slot="series" />
            </group>
            <group name="bars" caption="Bars">
                <enum name="series.type" caption="Series type" defaultValue="grouped">
                    <possibleValue caption="Grouped">grouped</possibleValue>
                    <possibleValue caption="Stacked">stacked</possibleValue>
                    <possibleValue caption="Percent stacked">percentStacked</possibleValue>
                </enum>
                <string name="bar.width" caption="Bar width" defaultValue="68.1%" />
            </group>
            <group name="grid" caption="Grid">
                <string name="grid.left.padding" caption="Left padding" defaultValue="10%" />
                <string name="grid.right.padding" caption="Right padding" defaultValue="10%" />
                <string name="grid.top.padding" caption="Top padding" defaultValue="10%" />
                <string name="grid.bottom.padding" caption="Bottom padding" defaultValue="10%" />
            </group>
            <group name="axes" caption="Axes">
                <group name="vAxis" caption="Item axis">
                    <boolean name="vAxis.inverse" caption="Inverse" defaultValue="false" />
                    <string name="vAxis.title" caption="Title" />
                    <color name="vAxis.title.color" caption="Title color" defaultValue="black" tags="$text-01" />
                    <color name="vAxis.label.color" caption="Label color" defaultValue="black" tags="$text-02" />
                </group>
                <group name="hAxis" caption="Value axis">
                    <boolean name="hAxis.inverse" caption="Inverse" defaultValue="false" />
                    <string name="hAxis.title" caption="Title" />
                    <color name="hAxis.title.color" caption="Title color" defaultValue="black" tags="$text-01" />
                    <color name="hAxis.label.color" caption="Label color" defaultValue="black" tags="$text-02" />
                    <color name="hAxis.grid.color" caption="Grid lines color" defaultValue="#CCC" tags="$ui-03" />
                    <color name="hAxis.baseline.color" caption="Baseline color" defaultValue="black" tags="$ui-04" />
                    <group name="hAxis.customDomain" caption="Custom domain">
                        <number name="hAxis.minValue" caption="Minimum value" />
                        <number name="hAxis.maxValue" caption="Maximum value" />
                    </group>
                </group>
            </group>
            <group name="googleLegend" caption="Legend">
                <enum name="googleLegend.position" caption="Position" defaultValue="none">
                    <possibleValue caption="Right">right</possibleValue>
                    <possibleValue caption="Top">top</possibleValue>
                    <possibleValue caption="Bottom">bottom</possibleValue>
                    <possibleValue caption="Inside chart">in</possibleValue>
                    <possibleValue caption="None">none</possibleValue>
                </enum>
                <enum name="googleLegend.alignment" caption="Alignment" defaultValue="start">
                    <possibleValue caption="Start">start</possibleValue>
                    <possibleValue caption="Center">center</possibleValue>
                    <possibleValue caption="End">end</possibleValue>
                </enum>
                <color name="googleLegend.color" caption="Text color" defaultValue="black" tags="$text-02" />
            </group>
        </group>
    </properties>
</visualizationDefinition>
