{
  "id":"com.ibm.vis.schematic.usacartograms",
  "name":"USA State Cartograms",
  "type":"schematic",
  "content": [
    {
      "key": "Standard",
      "caption": "USA Standard",
      "source": "usa_standard_2.svg"
    },
    {
      "key": "Simplified",
      "caption": "USA Simplified",
      "source": "usa_simplified.svg"
    },
    {
      "key": "Hex",
      "caption": "USA Equal Hex",
      "source": "usa_hex.svg"
    },
    {
      "key": "Diamond",
      "caption": "USA Equal Diamond",
      "source": "usa_diamond_2.svg"
    },
    {
      "key": "Square",
      "caption": "USA Equal Square",
      "source": "usa_square_2.svg"
    },
    {
      "key": "Electoral",
      "caption": "USA Scaled Electoral",
      "source": "usa_electoral.svg"
    }
   ]
}
