<?xml version="1.0" encoding="UTF-8"?>
<visualizationDefinition version="3.1" xmlns="http://www.ibm.com/xmlns/prod/ba/vipr/vizBundle/vizdef.3">
    <slots>
        <slot name="categories" type="cat" optional="false" channel="color" />
        <slot name="xpos" type="cont" optional="false" />
        <slot name="ypos" type="cont" optional="false" />
    </slots>

    <dataSets>
        <dataSet>
            <ref slot="categories" />
            <ref slot="xpos" />
            <ref slot="ypos" />
        </dataSet>
    </dataSets>

    <properties>
        <group name="general">
            <palette name="color" slot="categories" />
            <enum name="pointShape" defaultValue="circle">
                <possibleValue>circle</possibleValue>
                <possibleValue>square</possibleValue>
            </enum>
            <string name="background" defaultValue="" />
            <boolean name="showBackground" defaultValue="true" />
        </group>
        <group name="axis">
            <number name="xmax" allowNull="true" />
            <number name="ymax" allowNull="true" />
        </group>
    </properties>

    <capabilities>
        <decorations>
            <decoration name="selected" type="boolean" target="datapoint" />
            <decoration name="hasSelection" type="boolean" target="dataset" />
            <decoration name="highlighted" type="boolean" target="datapoint" />
        </decorations>
    </capabilities>
</visualizationDefinition>
