<?xml version="1.0" encoding="UTF-8"?>
<visualizationDefinition version="3.1" xmlns="http://www.ibm.com/xmlns/prod/ba/vipr/vizBundle/vizdef.3">
    <slots>
        <slot name="categories" type="cat" optional="false" channel="color" />
        <slot name="xpos" type="cont" optional="false" />
        <slot name="ypos" type="cont" optional="false" />
    </slots>

    <dataSets>
        <dataSet>
            <ref slot="categories" />
            <ref slot="xpos" />
            <ref slot="ypos" />
        </dataSet>
    </dataSets>

    <properties>
        <group name="general">
            <palette name="color" caption="Colors" slot="categories" />
            <enum name="pointShape" caption="Shape" defaultValue="circle">
                <possibleValue caption="Circle">circle</possibleValue>
                <possibleValue caption="Square">square</possibleValue>
            </enum>
            <string name="background" caption="Background" defaultValue="" />
            <boolean name="showBackground" caption="Show Background" defaultValue="true" />
        </group>
        <group name="axis" caption="Axis">
            <number name="xmax" caption="X-axis max" allowNull="true" />
            <number name="ymax" caption="Y-axis max" allowNull="true" />
        </group>
    </properties>

    <capabilities>
        <decorations>
            <decoration name="selected" type="boolean" target="datapoint" />
            <decoration name="hasSelection" type="boolean" target="dataset" />
            <decoration name="highlighted" type="boolean" target="datapoint" />
        </decorations>
    </capabilities>
</visualizationDefinition>
